地域コード,地域,人口
01100,北海道 札幌市,1973395
01202,北海道 函館市,251084
01203,北海道 小樽市,111299
01204,北海道 旭川市,329306
01205,北海道 室蘭市,82383
01206,北海道 釧路市,165077
01207,北海道 帯広市,166536
01208,北海道 北見市,115480
01209,北海道 夕張市,7334
01210,北海道 岩見沢市,79306
01211,北海道 網走市,35759
01212,北海道 留萌市,20114
01213,北海道 苫小牧市,170113
01214,北海道 稚内市,33563
01215,北海道 美唄市,20413
01216,北海道 芦別市,12555
01217,北海道 江別市,121056
01218,北海道 赤平市,9698
01219,北海道 紋別市,21215
01220,北海道 士別市,17858
01221,北海道 名寄市,27282
01222,北海道 三笠市,8040
01223,北海道 根室市,24636
01224,北海道 千歳市,97950
01225,北海道 滝川市,39490
01226,北海道 砂川市,16486
01227,北海道 歌志内市,2989
01228,北海道 深川市,20039
01229,北海道 富良野市,21131
01230,北海道 登別市,46391
01231,北海道 恵庭市,70331
01233,北海道 伊達市,32826
01234,北海道 北広島市,58171
01235,北海道 石狩市,56869
01236,北海道 北斗市,44302
01303,北海道 当別町,15916
01304,北海道 新篠津村,3044
01331,北海道 松前町,6260
01332,北海道 福島町,3794
01333,北海道 知内町,4167
01334,北海道 木古内町,3832
01337,北海道 七飯町,27686
01343,北海道 鹿部町,3760
01345,北海道 森町,14338
01346,北海道 八雲町,15826
01347,北海道 長万部町,5109
01361,北海道 江差町,7428
01362,北海道 上ノ国町,4306
01363,北海道 厚沢部町,3592
01364,北海道 乙部町,3403
01367,北海道 奥尻町,2410
01370,北海道 今金町,5072
01371,北海道 せたな町,7398
01391,北海道 島牧村,1356
01392,北海道 寿都町,2838
01393,北海道 黒松内町,2791
01394,北海道 蘭越町,4568
01395,北海道 ニセコ町,5074
01396,北海道 真狩村,2045
01397,北海道 留寿都村,1911
01398,北海道 喜茂別町,2156
01399,北海道 京極町,2941
01400,北海道 倶知安町,15129
01401,北海道 共和町,5772
01402,北海道 岩内町,11648
01403,北海道 泊村,1569
01404,北海道 神恵内村,870
01405,北海道 積丹町,1831
01406,北海道 古平町,2745
01407,北海道 仁木町,3180
01408,北海道 余市町,18000
01409,北海道 赤井川村,1165
01423,北海道 南幌町,7319
01424,北海道 奈井江町,5120
01425,北海道 上砂川町,2841
01427,北海道 由仁町,4822
01428,北海道 長沼町,10289
01429,北海道 栗山町,11272
01430,北海道 月形町,3691
01431,北海道 浦臼町,1732
01432,北海道 新十津川町,6484
01433,北海道 妹背牛町,2693
01434,北海道 秩父別町,2329
01436,北海道 雨竜町,2389
01437,北海道 北竜町,1724
01438,北海道 沼田町,2909
01452,北海道 鷹栖町,6567
01453,北海道 東神楽町,10127
01454,北海道 当麻町,6319
01455,北海道 比布町,3520
01456,北海道 愛別町,2605
01457,北海道 上川町,3500
01458,北海道 東川町,8314
01459,北海道 美瑛町,9668
01460,北海道 上富良野町,10348
01461,北海道 中富良野町,4733
01462,北海道 南富良野町,2376
01463,北海道 占冠村,1306
01464,北海道 和寒町,3192
01465,北海道 剣淵町,2926
01468,北海道 下川町,3126
01469,北海道 美深町,4145
01470,北海道 音威子府村,706
01471,北海道 中川町,1528
01472,北海道 幌加内町,1370
01481,北海道 増毛町,3908
01482,北海道 小平町,2994
01483,北海道 苫前町,2936
01484,北海道 羽幌町,6548
01485,北海道 初山別村,1080
01486,北海道 遠別町,2520
01487,北海道 天塩町,2950
01511,北海道 猿払村,2611
01512,北海道 浜頓別町,3448
01513,北海道 中頓別町,1637
01514,北海道 枝幸町,7565
01516,北海道 豊富町,3974
01517,北海道 礼文町,2509
01518,北海道 利尻町,2004
01519,北海道 利尻富士町,2458
01520,北海道 幌延町,2371
01543,北海道 美幌町,18697
01544,北海道 津別町,4373
01545,北海道 斜里町,11418
01546,北海道 清里町,3883
01547,北海道 小清水町,4623
01549,北海道 訓子府町,4677
01550,北海道 置戸町,2775
01552,北海道 佐呂間町,4875
01555,北海道 遠軽町,19241
01559,北海道 湧別町,8270
01560,北海道 滝上町,2421
01561,北海道 興部町,3628
01562,北海道 西興部村,1053
01563,北海道 雄武町,4199
01564,北海道 大空町,6775
01571,北海道 豊浦町,3821
01575,北海道 壮瞥町,2743
01578,北海道 白老町,16212
01581,北海道 厚真町,4432
01584,北海道 洞爺湖町,8442
01585,北海道 安平町,7340
01586,北海道 むかわ町,7651
01601,北海道 日高町,11279
01602,北海道 平取町,4776
01604,北海道 新冠町,5309
01607,北海道 浦河町,12074
01608,北海道 様似町,4043
01609,北海道 えりも町,4374
01610,北海道 新ひだか町,21517
01631,北海道 音更町,43576
01632,北海道 士幌町,5848
01633,北海道 上士幌町,4778
01634,北海道 鹿追町,5266
01635,北海道 新得町,5817
01636,北海道 清水町,9094
01637,北海道 芽室町,18048
01638,北海道 中札内村,3884
01639,北海道 更別村,3080
01641,北海道 大樹町,5420
01642,北海道 広尾町,6387
01643,北海道 幕別町,25766
01644,北海道 池田町,6294
01645,北海道 豊頃町,3022
01646,北海道 本別町,6618
01647,北海道 足寄町,6563
01648,北海道 陸別町,2264
01649,北海道 浦幌町,4387
01661,北海道 釧路町,19105
01662,北海道 厚岸町,8892
01663,北海道 浜中町,5507
01664,北海道 標茶町,7230
01665,北海道 弟子屈町,6955
01667,北海道 鶴居村,2558
01668,北海道 白糠町,7289
01691,北海道 別海町,14380
01692,北海道 中標津町,23010
01693,北海道 標津町,5023
01694,北海道 羅臼町,4722
02201,青森県 青森市,275192
02202,青森県 弘前市,168466
02203,青森県 八戸市,223415
02204,青森県 黒石市,31946
02205,青森県 五所川原市,51415
02206,青森県 十和田市,60378
02207,青森県 三沢市,39152
02208,青森県 むつ市,54103
02209,青森県 つがる市,30934
02210,青森県 平川市,30567
02301,青森県 平内町,10126
02303,青森県 今別町,2334
02304,青森県 蓬田村,2540
02307,青森県 外ヶ浜町,5401
02321,青森県 鰺ヶ沢町,9044
02323,青森県 深浦町,7346
02343,青森県 西目屋村,1265
02361,青森県 藤崎町,14573
02362,青森県 大鰐町,8665
02367,青森県 田舎館村,7326
02381,青森県 板柳町,12700
02384,青森県 鶴田町,12074
02387,青森県 中泊町,9657
02401,青森県 野辺地町,12374
02402,青森県 七戸町,14556
02405,青森県 六戸町,10447
02406,青森県 横浜町,4229
02408,青森県 東北町,16428
02411,青森県 六ヶ所村,10367
02412,青森県 おいらせ町,24273
02423,青森県 大間町,4718
02424,青森県 東通村,5955
02425,青森県 風間浦村,1636
02426,青森県 佐井村,1788
02441,青森県 三戸町,9082
02442,青森県 五戸町,16042
02443,青森県 田子町,4968
02445,青森県 南部町,16809
02446,青森県 階上町,13496
02450,青森県 新郷村,2197
03201,岩手県 盛岡市,289731
03202,岩手県 宮古市,50369
03203,岩手県 大船渡市,34728
03205,岩手県 花巻市,93193
03206,岩手県 北上市,93045
03207,岩手県 久慈市,33043
03208,岩手県 遠野市,25366
03209,岩手県 一関市,111932
03210,岩手県 陸前高田市,18262
03211,岩手県 釜石市,32078
03213,岩手県 二戸市,25513
03214,岩手県 八幡平市,24023
03215,岩手県 奥州市,112937
03216,岩手県 滝沢市,55579
03301,岩手県 雫石町,15731
03302,岩手県 葛巻町,5634
03303,岩手県 岩手町,12285
03321,岩手県 紫波町,32147
03322,岩手県 矢巾町,28056
03366,岩手県 西和賀町,5134
03381,岩手県 金ケ崎町,15535
03402,岩手県 平泉町,7252
03441,岩手県 住田町,5045
03461,岩手県 大槌町,11004
03482,岩手県 山田町,14320
03483,岩手県 岩泉町,8726
03484,岩手県 田野畑村,3059
03485,岩手県 普代村,2487
03501,岩手県 軽米町,8421
03503,岩手県 野田村,3936
03506,岩手県 九戸村,5378
03507,岩手県 洋野町,15091
03524,岩手県 一戸町,11494
04100,宮城県 仙台市,1096704
04202,宮城県 石巻市,140151
04203,宮城県 塩竈市,52203
04205,宮城県 気仙沼市,61147
04206,宮城県 白石市,32758
04207,宮城県 名取市,78718
04208,宮城県 角田市,27976
04209,宮城県 多賀城市,62827
04211,宮城県 岩沼市,44068
04212,宮城県 登米市,76037
04213,宮城県 栗原市,64637
04214,宮城県 東松島市,39098
04215,宮城県 大崎市,127330
04216,宮城県 富谷市,51651
04301,宮城県 蔵王町,11418
04302,宮城県 七ヶ宿町,1262
04321,宮城県 大河原町,23571
04322,宮城県 村田町,10666
04323,宮城県 柴田町,38271
04324,宮城県 川崎町,8345
04341,宮城県 丸森町,12262
04361,宮城県 亘理町,33087
04362,宮城県 山元町,12046
04401,宮城県 松島町,13323
04404,宮城県 七ヶ浜町,18132
04406,宮城県 利府町,35182
04421,宮城県 大和町,28786
04422,宮城県 大郷町,7813
04424,宮城県 大衡村,5849
04444,宮城県 色麻町,6698
04445,宮城県 加美町,21943
04501,宮城県 涌谷町,15388
04505,宮城県 美里町,23994
04581,宮城県 女川町,6430
04606,宮城県 南三陸町,12225
05201,秋田県 秋田市,307672
05202,秋田県 能代市,49968
05203,秋田県 横手市,85555
05204,秋田県 大館市,69237
05206,秋田県 男鹿市,25154
05207,秋田県 湯沢市,42091
05209,秋田県 鹿角市,29088
05210,秋田県 由利本荘市,74707
05211,秋田県 潟上市,31720
05212,秋田県 大仙市,77657
05213,秋田県 北秋田市,30198
05214,秋田県 にかほ市,23435
05215,秋田県 仙北市,24610
05303,秋田県 小坂町,4780
05327,秋田県 上小阿仁村,2063
05346,秋田県 藤里町,2896
05348,秋田県 三種町,15254
05349,秋田県 八峰町,6577
05361,秋田県 五城目町,8538
05363,秋田県 八郎潟町,5583
05366,秋田県 井川町,4566
05368,秋田県 大潟村,3011
05434,秋田県 美郷町,18613
05463,秋田県 羽後町,13825
05464,秋田県 東成瀬村,2704
06201,山形県 山形市,247590
06202,山形県 米沢市,81252
06203,山形県 鶴岡市,122347
06204,山形県 酒田市,100273
06205,山形県 新庄市,34432
06206,山形県 寒河江市,40189
06207,山形県 上山市,29110
06208,山形県 村山市,22516
06209,山形県 長井市,26543
06210,山形県 天童市,62140
06211,山形県 東根市,47682
06212,山形県 尾花沢市,14971
06213,山形県 南陽市,30420
06301,山形県 山辺町,13725
06302,山形県 中山町,10746
06321,山形県 河北町,17641
06322,山形県 西川町,4956
06323,山形県 朝日町,6366
06324,山形県 大江町,7646
06341,山形県 大石田町,6577
06361,山形県 金山町,5071
06362,山形県 最上町,8080
06363,山形県 舟形町,5007
06364,山形県 真室川町,7203
06365,山形県 大蔵村,3028
06366,山形県 鮭川村,3902
06367,山形県 戸沢村,4199
06381,山形県 高畠町,22463
06382,山形県 川西町,14558
06401,山形県 小国町,7107
06402,山形県 白鷹町,12890
06403,山形県 飯豊町,6613
06426,山形県 三川町,7601
06428,山形県 庄内町,20151
06461,山形県 遊佐町,13032
07201,福島県 福島市,282693
07202,福島県 会津若松市,117376
07203,福島県 郡山市,327692
07204,福島県 いわき市,332931
07205,福島県 白河市,59491
07207,福島県 須賀川市,74992
07208,福島県 喜多方市,44760
07209,福島県 相馬市,34865
07210,福島県 二本松市,53557
07211,福島県 田村市,35169
07212,福島県 南相馬市,59005
07213,福島県 伊達市,58240
07214,福島県 本宮市,30236
07301,福島県 桑折町,11459
07303,福島県 国見町,8639
07308,福島県 川俣町,12170
07322,福島県 大玉村,8900
07342,福島県 鏡石町,12318
07344,福島県 天栄村,5194
07362,福島県 下郷町,5264
07364,福島県 檜枝岐村,504
07367,福島県 只見町,4044
07368,福島県 南会津町,14451
07402,福島県 北塩原村,2556
07405,福島県 西会津町,5770
07407,福島県 磐梯町,3322
07408,福島県 猪苗代町,13552
07421,福島県 会津坂下町,15068
07422,福島県 湯川村,3081
07423,福島県 柳津町,3081
07444,福島県 三島町,1452
07445,福島県 金山町,1862
07446,福島県 昭和村,1246
07447,福島県 会津美里町,19014
07461,福島県 西郷村,20808
07464,福島県 泉崎村,6213
07465,福島県 中島村,4885
07466,福島県 矢吹町,17287
07481,福島県 棚倉町,13343
07482,福島県 矢祭町,5392
07483,福島県 塙町,8302
07484,福島県 鮫川村,3049
07501,福島県 石川町,14644
07502,福島県 玉川村,6392
07503,福島県 平田村,5826
07504,福島県 浅川町,6036
07505,福島県 古殿町,4825
07521,福島県 三春町,17018
07522,福島県 小野町,9471
07541,福島県 広野町,5412
07542,福島県 楢葉町,3710
07543,福島県 富岡町,2128
07544,福島県 川内村,2044
07545,福島県 大熊町,847
07546,福島県 双葉町,0
07547,福島県 浪江町,1923
07548,福島県 葛尾村,420
07561,福島県 新地町,7905
07564,福島県 飯舘村,1318
08201,茨城県 水戸市,270685
08202,茨城県 日立市,174508
08203,茨城県 土浦市,142074
08204,茨城県 古河市,139344
08205,茨城県 石岡市,73061
08207,茨城県 結城市,50645
08208,茨城県 龍ケ崎市,76420
08210,茨城県 下妻市,42521
08211,茨城県 常総市,60834
08212,茨城県 常陸太田市,48602
08214,茨城県 高萩市,27699
08215,茨城県 北茨城市,41801
08216,茨城県 笠間市,73173
08217,茨城県 取手市,104524
08219,茨城県 牛久市,84651
08220,茨城県 つくば市,241656
08221,茨城県 ひたちなか市,156581
08222,茨城県 鹿嶋市,66950
08223,茨城県 潮来市,27604
08224,茨城県 守谷市,68421
08225,茨城県 常陸大宮市,39267
08226,茨城県 那珂市,53502
08227,茨城県 筑西市,100753
08228,茨城県 坂東市,52265
08229,茨城県 稲敷市,39039
08230,茨城県 かすみがうら市,40087
08231,茨城県 桜川市,39122
08232,茨城県 神栖市,95454
08233,茨城県 行方市,32185
08234,茨城県 鉾田市,45953
08235,茨城県 つくばみらい市,49872
08236,茨城県 小美玉市,48870
08302,茨城県 茨城町,31401
08309,茨城県 大洗町,15715
08310,茨城県 城里町,18097
08341,茨城県 東海村,37891
08364,茨城県 大子町,15736
08442,茨城県 美浦村,14602
08443,茨城県 阿見町,48553
08447,茨城県 河内町,8231
08521,茨城県 八千代町,21026
08542,茨城県 五霞町,8093
08546,茨城県 境町,24201
08564,茨城県 利根町,15340
09201,栃木県 宇都宮市,518757
09202,栃木県 足利市,144746
09203,栃木県 栃木市,155549
09204,栃木県 佐野市,116228
09205,栃木県 鹿沼市,94033
09206,栃木県 日光市,77661
09208,栃木県 小山市,166666
09209,栃木県 真岡市,78190
09210,栃木県 大田原市,72087
09211,栃木県 矢板市,31165
09213,栃木県 那須塩原市,115210
09214,栃木県 さくら市,44513
09215,栃木県 那須烏山市,24875
09216,栃木県 下野市,59507
09301,栃木県 上三川町,30806
09342,栃木県 益子町,21898
09343,栃木県 茂木町,11891
09344,栃木県 市貝町,11262
09345,栃木県 芳賀町,14961
09361,栃木県 壬生町,39474
09364,栃木県 野木町,24913
09384,栃木県 塩谷町,10354
09386,栃木県 高根沢町,29229
09407,栃木県 那須町,23956
09411,栃木県 那珂川町,15215
10201,群馬県 前橋市,332149
10202,群馬県 高崎市,372973
10203,群馬県 桐生市,106445
10204,群馬県 伊勢崎市,211850
10205,群馬県 太田市,223014
10206,群馬県 沼田市,45337
10207,群馬県 館林市,75309
10208,群馬県 渋川市,74581
10209,群馬県 藤岡市,63261
10210,群馬県 富岡市,47446
10211,群馬県 安中市,54907
10212,群馬県 みどり市,49648
10344,群馬県 榛東村,14216
10345,群馬県 吉岡町,21792
10366,群馬県 上野村,1128
10367,群馬県 神流町,1645
10382,群馬県 下仁田町,6576
10383,群馬県 南牧村,1611
10384,群馬県 甘楽町,12491
10421,群馬県 中之条町,15386
10424,群馬県 長野原町,5095
10425,群馬県 嬬恋村,8850
10426,群馬県 草津町,6049
10428,群馬県 高山村,3511
10429,群馬県 東吾妻町,12728
10443,群馬県 片品村,3993
10444,群馬県 川場村,3480
10448,群馬県 昭和村,6953
10449,群馬県 みなかみ町,17195
10464,群馬県 玉村町,36054
10521,群馬県 板倉町,14083
10522,群馬県 明和町,10882
10523,群馬県 千代田町,10861
10524,群馬県 大泉町,42089
10525,群馬県 邑楽町,25522
11100,埼玉県 さいたま市,1324025
11201,埼玉県 川越市,354571
11202,埼玉県 熊谷市,194415
11203,埼玉県 川口市,594274
11206,埼玉県 行田市,78617
11207,埼玉県 秩父市,59674
11208,埼玉県 所沢市,342464
11209,埼玉県 飯能市,80361
11210,埼玉県 加須市,111623
11211,埼玉県 本庄市,78569
11212,埼玉県 東松山市,91791
11214,埼玉県 春日部市,229792
11215,埼玉県 狭山市,148699
11216,埼玉県 羽生市,52862
11217,埼玉県 鴻巣市,116828
11218,埼玉県 深谷市,141268
11219,埼玉県 上尾市,226940
11221,埼玉県 草加市,248304
11222,埼玉県 越谷市,341621
11223,埼玉県 蕨市,74283
11224,埼玉県 戸田市,140899
11225,埼玉県 入間市,145651
11227,埼玉県 朝霞市,141083
11228,埼玉県 志木市,75346
11229,埼玉県 和光市,83989
11230,埼玉県 新座市,166017
11231,埼玉県 桶川市,74748
11232,埼玉県 久喜市,150582
11233,埼玉県 北本市,65201
11234,埼玉県 八潮市,93363
11235,埼玉県 富士見市,111859
11237,埼玉県 三郷市,142145
11238,埼玉県 蓮田市,61499
11239,埼玉県 坂戸市,100275
11240,埼玉県 幸手市,50066
11241,埼玉県 鶴ヶ島市,70117
11242,埼玉県 日高市,54571
11243,埼玉県 吉川市,71979
11245,埼玉県 ふじみ野市,113597
11246,埼玉県 白岡市,52214
11301,埼玉県 伊奈町,44841
11324,埼玉県 三芳町,38434
11326,埼玉県 毛呂山町,35366
11327,埼玉県 越生町,11029
11341,埼玉県 滑川町,19732
11342,埼玉県 嵐山町,17889
11343,埼玉県 小川町,28524
11346,埼玉県 川島町,19378
11347,埼玉県 吉見町,18192
11348,埼玉県 鳩山町,13560
11349,埼玉県 ときがわ町,10540
11361,埼玉県 横瀬町,7979
11362,埼玉県 皆野町,9302
11363,埼玉県 長瀞町,6807
11365,埼玉県 小鹿野町,10928
11369,埼玉県 東秩父村,2709
11381,埼玉県 美里町,11039
11383,埼玉県 神川町,13359
11385,埼玉県 上里町,30343
11408,埼玉県 寄居町,32374
11442,埼玉県 宮代町,34147
11464,埼玉県 杉戸町,43845
11465,埼玉県 松伏町,28266
12100,千葉県 千葉市,974951
12202,千葉県 銚子市,58431
12203,千葉県 市川市,496676
12204,千葉県 船橋市,642907
12205,千葉県 館山市,45153
12206,千葉県 木更津市,136166
12207,千葉県 松戸市,498232
12208,千葉県 野田市,152638
12210,千葉県 茂原市,86782
12211,千葉県 成田市,132906
12212,千葉県 佐倉市,168743
12213,千葉県 東金市,58219
12215,千葉県 旭市,63745
12216,千葉県 習志野市,176197
12217,千葉県 柏市,426468
12218,千葉県 勝浦市,16927
12219,千葉県 市原市,269524
12220,千葉県 流山市,199849
12221,千葉県 八千代市,199498
12222,千葉県 我孫子市,130510
12223,千葉県 鴨川市,32116
12224,千葉県 鎌ケ谷市,109932
12225,千葉県 君津市,82206
12226,千葉県 富津市,42465
12227,千葉県 浦安市,171362
12228,千葉県 四街道市,93576
12229,千葉県 袖ケ浦市,63883
12230,千葉県 八街市,67455
12231,千葉県 印西市,102609
12232,千葉県 白井市,62441
12233,千葉県 富里市,49735
12234,千葉県 南房総市,35831
12235,千葉県 匝瑳市,35040
12236,千葉県 香取市,72356
12237,千葉県 山武市,48444
12238,千葉県 いすみ市,35544
12239,千葉県 大網白里市,48129
12322,千葉県 酒々井町,20745
12329,千葉県 栄町,20127
12342,千葉県 神崎町,5816
12347,千葉県 多古町,13735
12349,千葉県 東庄町,13228
12403,千葉県 九十九里町,14639
12409,千葉県 芝山町,7033
12410,千葉県 横芝光町,22075
12421,千葉県 一宮町,11897
12422,千葉県 睦沢町,6760
12423,千葉県 長生村,13803
12424,千葉県 白子町,10305
12426,千葉県 長柄町,6721
12427,千葉県 長南町,7198
12441,千葉県 大多喜町,8885
12443,千葉県 御宿町,6874
12463,千葉県 鋸南町,6993
13101,東京都 千代田区,66680
13102,東京都 中央区,169179
13103,東京都 港区,260486
13104,東京都 新宿区,349385
13105,東京都 文京区,240069
13106,東京都 台東区,211444
13107,東京都 墨田区,272085
13108,東京都 江東区,524310
13109,東京都 品川区,422488
13110,東京都 目黒区,288088
13111,東京都 大田区,748081
13112,東京都 世田谷区,943664
13113,東京都 渋谷区,243883
13114,東京都 中野区,344880
13115,東京都 杉並区,591108
13116,東京都 豊島区,301599
13117,東京都 北区,355213
13118,東京都 荒川区,217475
13119,東京都 板橋区,584483
13120,東京都 練馬区,752608
13121,東京都 足立区,695043
13122,東京都 葛飾区,453093
13123,東京都 江戸川区,697932
13201,東京都 八王子市,579355
13202,東京都 立川市,183581
13203,東京都 武蔵野市,150149
13204,東京都 三鷹市,195391
13205,東京都 青梅市,133535
13206,東京都 府中市,262790
13207,東京都 昭島市,113949
13208,東京都 調布市,242614
13209,東京都 町田市,431079
13210,東京都 小金井市,126074
13211,東京都 小平市,198739
13212,東京都 日野市,190435
13213,東京都 東村山市,151815
13214,東京都 国分寺市,129242
13215,東京都 国立市,77130
13218,東京都 福生市,56414
13219,東京都 狛江市,84772
13220,東京都 東大和市,83901
13221,東京都 清瀬市,76208
13222,東京都 東久留米市,115271
13223,東京都 武蔵村山市,70829
13224,東京都 多摩市,146951
13225,東京都 稲城市,93151
13227,東京都 羽村市,54326
13228,東京都 あきる野市,79292
13229,東京都 西東京市,207388
13303,東京都 瑞穂町,31765
13305,東京都 日の出町,16958
13307,東京都 檜原村,2003
13308,東京都 奥多摩町,4750
13361,東京都 大島町,7102
13362,東京都 利島村,327
13363,東京都 新島村,2441
13364,東京都 神津島村,1855
13381,東京都 三宅村,2273
13382,東京都 御蔵島村,323
13401,東京都 八丈町,7042
13402,東京都 青ヶ島村,169
13421,東京都 小笠原村,2929
14100,神奈川県 横浜市,3777491
14130,神奈川県 川崎市,1538262
14150,神奈川県 相模原市,725493
14201,神奈川県 横須賀市,388078
14203,神奈川県 平塚市,258422
14204,神奈川県 鎌倉市,172710
14205,神奈川県 藤沢市,436905
14206,神奈川県 小田原市,188856
14207,神奈川県 茅ヶ崎市,242389
14208,神奈川県 逗子市,57060
14210,神奈川県 三浦市,42069
14211,神奈川県 秦野市,162439
14212,神奈川県 厚木市,223705
14213,神奈川県 大和市,239169
14214,神奈川県 伊勢原市,101780
14215,神奈川県 海老名市,136516
14216,神奈川県 座間市,132325
14217,神奈川県 南足柄市,40841
14218,神奈川県 綾瀬市,83913
14301,神奈川県 葉山町,31665
14321,神奈川県 寒川町,48348
14341,神奈川県 大磯町,31634
14342,神奈川県 二宮町,27564
14361,神奈川県 中井町,9300
14362,神奈川県 大井町,17129
14363,神奈川県 松田町,10836
14364,神奈川県 山北町,9761
14366,神奈川県 開成町,18329
14382,神奈川県 箱根町,11293
14383,神奈川県 真鶴町,6722
14384,神奈川県 湯河原町,23426
14401,神奈川県 愛川町,39869
14402,神奈川県 清川村,3038
15100,新潟県 新潟市,789275
15202,新潟県 長岡市,266936
15204,新潟県 三条市,94642
15205,新潟県 柏崎市,81526
15206,新潟県 新発田市,94927
15208,新潟県 小千谷市,34096
15209,新潟県 加茂市,25441
15210,新潟県 十日町市,49820
15211,新潟県 見附市,39237
15212,新潟県 村上市,57418
15213,新潟県 燕市,77201
15216,新潟県 糸魚川市,40765
15217,新潟県 妙高市,30383
15218,新潟県 五泉市,47625
15222,新潟県 上越市,188047
15223,新潟県 阿賀野市,40696
15224,新潟県 佐渡市,51492
15225,新潟県 魚沼市,34483
15226,新潟県 南魚沼市,54851
15227,新潟県 胎内市,28509
15307,新潟県 聖籠町,14259
15342,新潟県 弥彦村,7705
15361,新潟県 田上町,11227
15385,新潟県 阿賀町,9965
15405,新潟県 出雲崎町,4113
15461,新潟県 湯沢町,7767
15482,新潟県 津南町,8989
15504,新潟県 刈羽村,4380
15581,新潟県 関川村,5144
15586,新潟県 粟島浦村,353
16201,富山県 富山市,413938
16202,富山県 高岡市,166393
16204,富山県 魚津市,40535
16205,富山県 氷見市,43950
16206,富山県 滑川市,32349
16207,富山県 黒部市,39638
16208,富山県 砺波市,48154
16209,富山県 小矢部市,28983
16210,富山県 南砺市,47937
16211,富山県 射水市,90742
16321,富山県 舟橋村,3132
16322,富山県 上市町,19351
16323,富山県 立山町,24792
16342,富山県 入善町,23839
16343,富山県 朝日町,11081
17201,石川県 金沢市,463254
17202,石川県 七尾市,50300
17203,石川県 小松市,106216
17204,石川県 輪島市,24608
17205,石川県 珠洲市,12929
17206,石川県 加賀市,63220
17207,石川県 羽咋市,20407
17209,石川県 かほく市,34889
17210,石川県 白山市,110408
17211,石川県 能美市,48523
17212,石川県 野々市市,57238
17324,石川県 川北町,6135
17361,石川県 津幡町,36957
17365,石川県 内灘町,26574
17384,石川県 志賀町,18630
17386,石川県 宝達志水町,12121
17407,石川県 中能登町,16540
17461,石川県 穴水町,7890
17463,石川県 能登町,15687
18201,福井県 福井市,262328
18202,福井県 敦賀市,64264
18204,福井県 小浜市,28991
18205,福井県 大野市,31286
18206,福井県 勝山市,22150
18207,福井県 鯖江市,68302
18208,福井県 あわら市,27524
18209,福井県 越前市,80611
18210,福井県 坂井市,88481
18322,福井県 永平寺町,18965
18382,福井県 池田町,2423
18404,福井県 南越前町,10002
18423,福井県 越前町,20118
18442,福井県 美浜町,9179
18481,福井県 高浜町,10326
18483,福井県 おおい町,7910
18501,福井県 若狭町,14003
19201,山梨県 甲府市,189591
19202,山梨県 富士吉田市,46530
19204,山梨県 都留市,31016
19205,山梨県 山梨市,33435
19206,山梨県 大月市,22512
19207,山梨県 韮崎市,29067
19208,山梨県 南アルプス市,69459
19209,山梨県 北杜市,44053
19210,山梨県 甲斐市,75313
19211,山梨県 笛吹市,66947
19212,山梨県 上野原市,22669
19213,山梨県 甲州市,29237
19214,山梨県 中央市,31216
19346,山梨県 市川三郷町,14700
19364,山梨県 早川町,1098
19365,山梨県 身延町,10663
19366,山梨県 南部町,7156
19368,山梨県 富士川町,14219
19384,山梨県 昭和町,20909
19422,山梨県 道志村,1607
19423,山梨県 西桂町,4041
19424,山梨県 忍野村,9237
19425,山梨県 山中湖村,5179
19429,山梨県 鳴沢村,2824
19430,山梨県 富士河口湖町,26082
19442,山梨県 小菅村,684
19443,山梨県 丹波山村,530
20201,長野県 長野市,372760
20202,長野県 松本市,241145
20203,長野県 上田市,154055
20204,長野県 岡谷市,47790
20205,長野県 飯田市,98164
20206,長野県 諏訪市,48729
20207,長野県 須坂市,49559
20208,長野県 小諸市,40991
20209,長野県 伊那市,66125
20210,長野県 駒ヶ根市,32202
20211,長野県 中野市,42338
20212,長野県 大町市,26029
20213,長野県 飯山市,19539
20214,長野県 茅野市,56400
20215,長野県 塩尻市,67241
20217,長野県 佐久市,98199
20218,長野県 千曲市,58852
20219,長野県 東御市,30122
20220,長野県 安曇野市,94222
20303,長野県 小海町,4353
20304,長野県 川上村,4344
20305,長野県 南牧村,3242
20306,長野県 南相木村,962
20307,長野県 北相木村,752
20309,長野県 佐久穂町,10218
20321,長野県 軽井沢町,19188
20323,長野県 御代田町,15555
20324,長野県 立科町,6612
20349,長野県 青木村,4121
20350,長野県 長和町,5600
20361,長野県 下諏訪町,19155
20362,長野県 富士見町,14084
20363,長野県 原村,7680
20382,長野県 辰野町,18555
20383,長野県 箕輪町,24989
20384,長野県 飯島町,9004
20385,長野県 南箕輪村,15797
20386,長野県 中川村,4651
20388,長野県 宮田村,8569
20402,長野県 松川町,12530
20403,長野県 高森町,12811
20404,長野県 阿南町,4299
20407,長野県 阿智村,6068
20409,長野県 平谷村,387
20410,長野県 根羽村,852
20411,長野県 下條村,3545
20412,長野県 売木村,548
20413,長野県 天龍村,1178
20414,長野県 泰阜村,1542
20415,長野県 喬木村,5973
20416,長野県 豊丘村,6426
20417,長野県 大鹿村,1023
20422,長野県 上松町,4131
20423,長野県 南木曽町,3915
20425,長野県 木祖村,2692
20429,長野県 王滝村,715
20430,長野県 大桑村,3439
20432,長野県 木曽町,10584
20446,長野県 麻績村,2593
20448,長野県 生坂村,1639
20450,長野県 山形村,8400
20451,長野県 朝日村,4279
20452,長野県 筑北村,4149
20481,長野県 池田町,9382
20482,長野県 松川村,9599
20485,長野県 白馬村,8575
20486,長野県 小谷村,2647
20521,長野県 坂城町,14004
20541,長野県 小布施町,10660
20543,長野県 高山村,6617
20561,長野県 山ノ内町,11352
20562,長野県 木島平村,4375
20563,長野県 野沢温泉村,3279
20583,長野県 信濃町,7739
20588,長野県 小川村,2215
20590,長野県 飯綱町,10296
20602,長野県 栄村,1660
21201,岐阜県 岐阜市,402557
21202,岐阜県 大垣市,158286
21203,岐阜県 高山市,84419
21204,岐阜県 多治見市,106732
21205,岐阜県 関市,85283
21206,岐阜県 中津川市,76570
21207,岐阜県 美濃市,19247
21208,岐阜県 瑞浪市,37150
21209,岐阜県 羽島市,65649
21210,岐阜県 恵那市,47774
21211,岐阜県 美濃加茂市,56689
21212,岐阜県 土岐市,55348
21213,岐阜県 各務原市,144521
21214,岐阜県 可児市,99968
21215,岐阜県 山県市,25280
21216,岐阜県 瑞穂市,56388
21217,岐阜県 飛騨市,22538
21218,岐阜県 本巣市,32928
21219,岐阜県 郡上市,38997
21220,岐阜県 下呂市,30428
21221,岐阜県 海津市,32735
21302,岐阜県 岐南町,25881
21303,岐阜県 笠松町,22208
21341,岐阜県 養老町,26882
21361,岐阜県 垂井町,26402
21362,岐阜県 関ケ原町,6610
21381,岐阜県 神戸町,18585
21382,岐阜県 輪之内町,9654
21383,岐阜県 安八町,14355
21401,岐阜県 揖斐川町,19529
21403,岐阜県 大野町,22041
21404,岐阜県 池田町,23360
21421,岐阜県 北方町,18139
21501,岐阜県 坂祝町,8071
21502,岐阜県 富加町,5626
21503,岐阜県 川辺町,9860
21504,岐阜県 七宗町,3402
21505,岐阜県 八百津町,10195
21506,岐阜県 白川町,7412
21507,岐阜県 東白川村,2016
21521,岐阜県 御嵩町,17516
21604,岐阜県 白川村,1511
22100,静岡県 静岡市,693389
22130,静岡県 浜松市,790718
22203,静岡県 沼津市,189386
22205,静岡県 熱海市,34208
22206,静岡県 三島市,107783
22207,静岡県 富士宮市,128105
22208,静岡県 伊東市,65491
22209,静岡県 島田市,95719
22210,静岡県 富士市,245392
22211,静岡県 磐田市,166672
22212,静岡県 焼津市,136845
22213,静岡県 掛川市,114954
22214,静岡県 藤枝市,141342
22215,静岡県 御殿場市,86614
22216,静岡県 袋井市,87864
22219,静岡県 下田市,20183
22220,静岡県 裾野市,50911
22221,静岡県 湖西市,57885
22222,静岡県 伊豆市,28190
22223,静岡県 御前崎市,31103
22224,静岡県 菊川市,47789
22225,静岡県 伊豆の国市,46804
22226,静岡県 牧之原市,43502
22301,静岡県 東伊豆町,11488
22302,静岡県 河津町,6870
22304,静岡県 南伊豆町,7877
22305,静岡県 松崎町,6038
22306,静岡県 西伊豆町,7090
22325,静岡県 函南町,36794
22341,静岡県 清水町,31710
22342,静岡県 長泉町,43336
22344,静岡県 小山町,18568
22424,静岡県 吉田町,28919
22429,静岡県 川根本町,6206
22461,静岡県 森町,17457
23100,愛知県 名古屋市,2332176
23201,愛知県 豊橋市,371920
23202,愛知県 岡崎市,384654
23203,愛知県 一宮市,380073
23204,愛知県 瀬戸市,127792
23205,愛知県 半田市,117884
23206,愛知県 春日井市,308681
23207,愛知県 豊川市,184661
23208,愛知県 津島市,60942
23209,愛知県 碧南市,72458
23210,愛知県 刈谷市,153834
23211,愛知県 豊田市,422330
23212,愛知県 安城市,187990
23213,愛知県 西尾市,169046
23214,愛知県 蒲郡市,79538
23215,愛知県 犬山市,73090
23216,愛知県 常滑市,58710
23217,愛知県 江南市,98255
23219,愛知県 小牧市,148831
23220,愛知県 稲沢市,134751
23221,愛知県 新城市,44355
23222,愛知県 東海市,113787
23223,愛知県 大府市,93123
23224,愛知県 知多市,84364
23225,愛知県 知立市,72193
23226,愛知県 尾張旭市,83144
23227,愛知県 高浜市,46106
23228,愛知県 岩倉市,47983
23229,愛知県 豊明市,69295
23230,愛知県 日進市,91520
23231,愛知県 田原市,59360
23232,愛知県 愛西市,60829
23233,愛知県 清須市,67352
23234,愛知県 北名古屋市,86385
23235,愛知県 弥富市,43025
23236,愛知県 みよし市,61952
23237,愛知県 あま市,86126
23238,愛知県 長久手市,60162
23302,愛知県 東郷町,43903
23342,愛知県 豊山町,15613
23361,愛知県 大口町,24305
23362,愛知県 扶桑町,34133
23424,愛知県 大治町,32399
23425,愛知県 蟹江町,37338
23427,愛知県 飛島村,4575
23441,愛知県 阿久比町,28383
23442,愛知県 東浦町,49596
23445,愛知県 南知多町,16617
23446,愛知県 美浜町,22496
23447,愛知県 武豊町,43535
23501,愛知県 幸田町,42449
23561,愛知県 設楽町,4437
23562,愛知県 東栄町,2942
23563,愛知県 豊根村,1017
24201,三重県 津市,274537
24202,三重県 四日市市,305424
24203,三重県 伊勢市,122765
24204,三重県 松阪市,159145
24205,三重県 桑名市,138613
24207,三重県 鈴鹿市,195670
24208,三重県 名張市,76387
24209,三重県 尾鷲市,16252
24210,三重県 亀山市,49835
24211,三重県 鳥羽市,17525
24212,三重県 熊野市,15965
24214,三重県 いなべ市,44973
24215,三重県 志摩市,46057
24216,三重県 伊賀市,88766
24303,三重県 木曽岬町,6023
24324,三重県 東員町,25784
24341,三重県 菰野町,40559
24343,三重県 朝日町,11021
24344,三重県 川越町,15123
24441,三重県 多気町,14021
24442,三重県 明和町,22445
24443,三重県 大台町,8668
24461,三重県 玉城町,15041
24470,三重県 度会町,7847
24471,三重県 大紀町,7815
24472,三重県 南伊勢町,10989
24543,三重県 紀北町,14604
24561,三重県 御浜町,8079
24562,三重県 紀宝町,10321
25201,滋賀県 大津市,345070
25202,滋賀県 彦根市,113647
25203,滋賀県 長浜市,113636
25204,滋賀県 近江八幡市,81122
25206,滋賀県 草津市,143913
25207,滋賀県 守山市,83236
25208,滋賀県 栗東市,68820
25209,滋賀県 甲賀市,88358
25210,滋賀県 野洲市,50513
25211,滋賀県 湖南市,54460
25212,滋賀県 高島市,46377
25213,滋賀県 東近江市,112819
25214,滋賀県 米原市,37225
25383,滋賀県 日野町,20964
25384,滋賀県 竜王町,11789
25425,滋賀県 愛荘町,20893
25441,滋賀県 豊郷町,7132
25442,滋賀県 甲良町,6362
25443,滋賀県 多賀町,7274
26100,京都府 京都市,1463723
26201,京都府 福知山市,77306
26202,京都府 舞鶴市,80336
26203,京都府 綾部市,31846
26204,京都府 宇治市,179630
26205,京都府 宮津市,16758
26206,京都府 亀岡市,86174
26207,京都府 城陽市,74607
26208,京都府 向日市,56859
26209,京都府 長岡京市,80608
26210,京都府 八幡市,70433
26211,京都府 京田辺市,73753
26212,京都府 京丹後市,50860
26213,京都府 南丹市,31629
26214,京都府 木津川市,77907
26303,京都府 大山崎町,15953
26322,京都府 久御山町,15250
26343,京都府 井手町,7406
26344,京都府 宇治田原町,8911
26364,京都府 笠置町,1144
26365,京都府 和束町,3478
26366,京都府 精華町,36198
26367,京都府 南山城村,2391
26407,京都府 京丹波町,12907
26463,京都府 伊根町,1928
26465,京都府 与謝野町,20092
27100,大阪府 大阪市,2752412
27140,大阪府 堺市,826161
27202,大阪府 岸和田市,190658
27203,大阪府 豊中市,401558
27204,大阪府 池田市,104993
27205,大阪府 吹田市,385567
27206,大阪府 泉大津市,74412
27207,大阪府 高槻市,352698
27208,大阪府 貝塚市,84443
27209,大阪府 守口市,143096
27210,大阪府 枚方市,397289
27211,大阪府 茨木市,287730
27212,大阪府 八尾市,264642
27213,大阪府 泉佐野市,100131
27214,大阪府 富田林市,108699
27215,大阪府 寝屋川市,229733
27216,大阪府 河内長野市,101692
27217,大阪府 松原市,117641
27218,大阪府 大東市,119367
27219,大阪府 和泉市,184495
27220,大阪府 箕面市,136868
27221,大阪府 柏原市,68775
27222,大阪府 羽曳野市,108736
27223,大阪府 門真市,119764
27224,大阪府 摂津市,87456
27225,大阪府 高石市,55635
27226,大阪府 藤井寺市,63688
27227,大阪府 東大阪市,493940
27228,大阪府 泉南市,60102
27229,大阪府 四條畷市,55177
27230,大阪府 交野市,75033
27231,大阪府 大阪狭山市,58435
27232,大阪府 阪南市,51254
27301,大阪府 島本町,30927
27321,大阪府 豊能町,18279
27322,大阪府 能勢町,9079
27341,大阪府 忠岡町,16567
27361,大阪府 熊取町,43763
27362,大阪府 田尻町,8434
27366,大阪府 岬町,14741
27381,大阪府 太子町,13009
27382,大阪府 河南町,15697
27383,大阪府 千早赤阪村,4909
28100,兵庫県 神戸市,1525152
28201,兵庫県 姫路市,530495
28202,兵庫県 尼崎市,459593
28203,兵庫県 明石市,303601
28204,兵庫県 西宮市,485587
28205,兵庫県 洲本市,41236
28206,兵庫県 芦屋市,93922
28207,兵庫県 伊丹市,198138
28208,兵庫県 相生市,28355
28209,兵庫県 豊岡市,77489
28210,兵庫県 加古川市,260878
28212,兵庫県 赤穂市,45892
28213,兵庫県 西脇市,38673
28214,兵庫県 宝塚市,226432
28215,兵庫県 三木市,75294
28216,兵庫県 高砂市,87722
28217,兵庫県 川西市,152321
28218,兵庫県 小野市,47562
28219,兵庫県 三田市,109238
28220,兵庫県 加西市,42700
28221,兵庫県 丹波篠山市,39611
28222,兵庫県 養父市,22129
28223,兵庫県 丹波市,61471
28224,兵庫県 南あわじ市,44137
28225,兵庫県 朝来市,28989
28226,兵庫県 淡路市,41967
28227,兵庫県 宍粟市,34819
28228,兵庫県 加東市,40645
28229,兵庫県 たつの市,74316
28301,兵庫県 猪名川町,29680
28365,兵庫県 多可町,19261
28381,兵庫県 稲美町,30268
28382,兵庫県 播磨町,33604
28442,兵庫県 市川町,11231
28443,兵庫県 福崎町,19377
28446,兵庫県 神河町,10616
28464,兵庫県 太子町,33477
28481,兵庫県 上郡町,13879
28501,兵庫県 佐用町,15863
28585,兵庫県 香美町,16064
28586,兵庫県 新温泉町,13318
29201,奈良県 奈良市,354630
29202,奈良県 大和高田市,61744
29203,奈良県 大和郡山市,83285
29204,奈良県 天理市,63889
29205,奈良県 橿原市,120922
29206,奈良県 桜井市,54857
29207,奈良県 五條市,27927
29208,奈良県 御所市,24096
29209,奈良県 生駒市,116675
29210,奈良県 香芝市,78113
29211,奈良県 葛城市,36832
29212,奈良県 宇陀市,28121
29322,奈良県 山添村,3226
29342,奈良県 平群町,18009
29343,奈良県 三郷町,23219
29344,奈良県 斑鳩町,27587
29345,奈良県 安堵町,7225
29361,奈良県 川西町,8167
29362,奈良県 三宅町,6439
29363,奈良県 田原本町,31177
29385,奈良県 曽爾村,1295
29386,奈良県 御杖村,1479
29401,奈良県 高取町,6729
29402,奈良県 明日香村,5179
29424,奈良県 上牧町,21714
29425,奈良県 王寺町,24043
29426,奈良県 広陵町,33810
29427,奈良県 河合町,17018
29441,奈良県 吉野町,6229
29442,奈良県 大淀町,16728
29443,奈良県 下市町,5037
29444,奈良県 黒滝村,623
29446,奈良県 天川村,1176
29447,奈良県 野迫川村,357
29449,奈良県 十津川村,3061
29450,奈良県 下北山村,753
29451,奈良県 上北山村,444
29452,奈良県 川上村,1156
29453,奈良県 東吉野村,1502
30201,和歌山県 和歌山市,356729
30202,和歌山県 海南市,48369
30203,和歌山県 橋本市,60818
30204,和歌山県 有田市,26538
30205,和歌山県 御坊市,23481
30206,和歌山県 田辺市,69870
30207,和歌山県 新宮市,27171
30208,和歌山県 紀の川市,58816
30209,和歌山県 岩出市,53967
30304,和歌山県 紀美野町,8256
30341,和歌山県 かつらぎ町,15967
30343,和歌山県 九度山町,3856
30344,和歌山県 高野町,2970
30361,和歌山県 湯浅町,11122
30362,和歌山県 広川町,6781
30366,和歌山県 有田川町,25258
30381,和歌山県 美浜町,6867
30382,和歌山県 日高町,7673
30383,和歌山県 由良町,5364
30390,和歌山県 印南町,7720
30391,和歌山県 みなべ町,11818
30392,和歌山県 日高川町,9219
30401,和歌山県 白浜町,20262
30404,和歌山県 上富田町,15236
30406,和歌山県 すさみ町,3685
30421,和歌山県 那智勝浦町,14137
30422,和歌山県 太地町,2791
30424,和歌山県 古座川町,2480
30427,和歌山県 北山村,404
30428,和歌山県 串本町,14959
31201,鳥取県 鳥取市,188465
31202,鳥取県 米子市,147317
31203,鳥取県 倉吉市,46485
31204,鳥取県 境港市,32740
31302,鳥取県 岩美町,10799
31325,鳥取県 若桜町,2864
31328,鳥取県 智頭町,6427
31329,鳥取県 八頭町,15937
31364,鳥取県 三朝町,6060
31370,鳥取県 湯梨浜町,16055
31371,鳥取県 琴浦町,16365
31372,鳥取県 北栄町,14228
31384,鳥取県 日吉津村,3501
31386,鳥取県 大山町,15370
31389,鳥取県 南部町,10323
31390,鳥取県 伯耆町,10696
31401,鳥取県 日南町,4196
31402,鳥取県 日野町,2907
31403,鳥取県 江府町,2672
32201,島根県 松江市,203616
32202,島根県 浜田市,54592
32203,島根県 出雲市,172775
32204,島根県 益田市,45003
32205,島根県 大田市,32846
32206,島根県 安来市,37062
32207,島根県 江津市,22959
32209,島根県 雲南市,36007
32343,島根県 奥出雲町,11849
32386,島根県 飯南町,4577
32441,島根県 川本町,3248
32448,島根県 美郷町,4355
32449,島根県 邑南町,10163
32501,島根県 津和野町,6875
32505,島根県 吉賀町,6077
32525,島根県 海士町,2267
32526,島根県 西ノ島町,2788
32527,島根県 知夫村,634
32528,島根県 隠岐の島町,13433
33100,岡山県 岡山市,724691
33202,岡山県 倉敷市,474592
33203,岡山県 津山市,99937
33204,岡山県 玉野市,56531
33205,岡山県 笠岡市,46088
33207,岡山県 井原市,38384
33208,岡山県 総社市,69030
33209,岡山県 高梁市,29072
33210,岡山県 新見市,28079
33211,岡山県 備前市,32320
33212,岡山県 瀬戸内市,36048
33213,岡山県 赤磐市,42661
33214,岡山県 真庭市,42725
33215,岡山県 美作市,25939
33216,岡山県 浅口市,32772
33346,岡山県 和気町,13623
33423,岡山県 早島町,12368
33445,岡山県 里庄町,10950
33461,岡山県 矢掛町,13414
33586,岡山県 新庄村,813
33606,岡山県 鏡野町,12062
33622,岡山県 勝央町,10888
33623,岡山県 奈義町,5578
33643,岡山県 西粟倉村,1398
33663,岡山県 久米南町,4530
33666,岡山県 美咲町,13053
33681,岡山県 吉備中央町,10886
34100,広島県 広島市,1200754
34202,広島県 呉市,214592
34203,広島県 竹原市,23993
34204,広島県 三原市,90573
34205,広島県 尾道市,131170
34207,広島県 福山市,460930
34208,広島県 府中市,37655
34209,広島県 三次市,50681
34210,広島県 庄原市,33633
34211,広島県 大竹市,26319
34212,広島県 東広島市,196608
34213,広島県 廿日市市,114173
34214,広島県 安芸高田市,26448
34215,広島県 江田島市,21930
34302,広島県 府中町,51155
34304,広島県 海田町,29636
34307,広島県 熊野町,22834
34309,広島県 坂町,12582
34368,広島県 安芸太田町,5740
34369,広島県 北広島町,17763
34431,広島県 大崎上島町,7158
34462,広島県 世羅町,15125
34545,広島県 神石高原町,8250
35201,山口県 下関市,255051
35202,山口県 宇部市,162570
35203,山口県 山口市,193966
35204,山口県 萩市,44626
35206,山口県 防府市,113979
35207,山口県 下松市,55887
35208,山口県 岩国市,129125
35210,山口県 光市,49798
35211,山口県 長門市,32519
35212,山口県 柳井市,30799
35213,山口県 美祢市,23247
35215,山口県 周南市,137540
35216,山口県 山陽小野田市,60326
35305,山口県 周防大島町,14798
35321,山口県 和木町,6034
35341,山口県 上関町,2342
35343,山口県 田布施町,14483
35344,山口県 平生町,11914
35502,山口県 阿武町,3055
36201,徳島県 徳島市,252391
36202,徳島県 鳴門市,54622
36203,徳島県 小松島市,36149
36204,徳島県 阿南市,69470
36205,徳島県 吉野川市,38772
36206,徳島県 阿波市,34713
36207,徳島県 美馬市,28055
36208,徳島県 三好市,23605
36301,徳島県 勝浦町,4837
36302,徳島県 上勝町,1380
36321,徳島県 佐那河内村,2058
36341,徳島県 石井町,24833
36342,徳島県 神山町,4647
36368,徳島県 那賀町,7367
36383,徳島県 牟岐町,3743
36387,徳島県 美波町,6222
36388,徳島県 海陽町,8358
36401,徳島県 松茂町,14583
36402,徳島県 北島町,22745
36403,徳島県 藍住町,35246
36404,徳島県 板野町,13042
36405,徳島県 上板町,11384
36468,徳島県 つるぎ町,7715
36489,徳島県 東みよし町,13622
37201,香川県 高松市,417496
37202,香川県 丸亀市,109513
37203,香川県 坂出市,50624
37204,香川県 善通寺市,31631
37205,香川県 観音寺市,57438
37206,香川県 さぬき市,47003
37207,香川県 東かがわ市,28279
37208,香川県 三豊市,61857
37322,香川県 土庄町,12846
37324,香川県 小豆島町,13870
37341,香川県 三木町,26878
37364,香川県 直島町,3103
37386,香川県 宇多津町,18699
37387,香川県 綾川町,22693
37403,香川県 琴平町,8468
37404,香川県 多度津町,22445
37406,香川県 まんのう町,17401
38201,愛媛県 松山市,511192
38202,愛媛県 今治市,151672
38203,愛媛県 宇和島市,70809
38204,愛媛県 八幡浜市,31987
38205,愛媛県 新居浜市,115938
38206,愛媛県 西条市,104791
38207,愛媛県 大洲市,40575
38210,愛媛県 伊予市,35133
38213,愛媛県 四国中央市,82754
38214,愛媛県 西予市,35388
38215,愛媛県 東温市,33903
38356,愛媛県 上島町,6509
38386,愛媛県 久万高原町,7404
38401,愛媛県 松前町,29630
38402,愛媛県 砥部町,20480
38422,愛媛県 内子町,15322
38442,愛媛県 伊方町,8397
38484,愛媛県 松野町,3674
38488,愛媛県 鬼北町,9682
38506,愛媛県 愛南町,19601
39201,高知県 高知市,326545
39202,高知県 室戸市,11742
39203,高知県 安芸市,16243
39204,高知県 南国市,46664
39205,高知県 土佐市,25732
39206,高知県 須崎市,20590
39208,高知県 宿毛市,19033
39209,高知県 土佐清水市,12388
39210,高知県 四万十市,32694
39211,高知県 香南市,32207
39212,高知県 香美市,26513
39301,高知県 東洋町,2194
39302,高知県 奈半利町,3034
39303,高知県 田野町,2498
39304,高知県 安田町,2370
39305,高知県 北川村,1146
39306,高知県 馬路村,745
39307,高知県 芸西村,3694
39341,高知県 本山町,3261
39344,高知県 大豊町,3252
39363,高知県 土佐町,3753
39364,高知県 大川村,366
39386,高知県 いの町,21374
39387,高知県 仁淀川町,4827
39401,高知県 中土佐町,6002
39402,高知県 佐川町,12323
39403,高知県 越知町,5187
39405,高知県 檮原町,3307
39410,高知県 日高村,4812
39411,高知県 津野町,5291
39412,高知県 四万十町,15607
39424,高知県 大月町,4434
39427,高知県 三原村,1437
39428,高知県 黒潮町,10262
40100,福岡県 北九州市,939029
40130,福岡県 福岡市,1612392
40202,福岡県 大牟田市,111281
40203,福岡県 久留米市,303316
40204,福岡県 直方市,56212
40205,福岡県 飯塚市,126364
40206,福岡県 田川市,46203
40207,福岡県 柳川市,64475
40210,福岡県 八女市,60608
40211,福岡県 筑後市,48827
40212,福岡県 大川市,32988
40213,福岡県 行橋市,71426
40214,福岡県 豊前市,24391
40215,福岡県 中間市,40362
40216,福岡県 小郡市,59360
40217,福岡県 筑紫野市,103311
40218,福岡県 春日市,111023
40219,福岡県 大野城市,102085
40220,福岡県 宗像市,97095
40221,福岡県 太宰府市,73164
40223,福岡県 古賀市,58786
40224,福岡県 福津市,67033
40225,福岡県 うきは市,27981
40226,福岡県 宮若市,26298
40227,福岡県 嘉麻市,35473
40228,福岡県 朝倉市,50273
40229,福岡県 みやま市,35861
40230,福岡県 糸島市,98877
40231,福岡県 那珂川市,50112
40341,福岡県 宇美町,37671
40342,福岡県 篠栗町,31209
40343,福岡県 志免町,46377
40344,福岡県 須恵町,28628
40345,福岡県 新宮町,32927
40348,福岡県 久山町,9068
40349,福岡県 粕屋町,48190
40381,福岡県 芦屋町,13545
40382,福岡県 水巻町,28114
40383,福岡県 岡垣町,31007
40384,福岡県 遠賀町,18723
40401,福岡県 小竹町,7151
40402,福岡県 鞍手町,15080
40421,福岡県 桂川町,12878
40447,福岡県 筑前町,29591
40448,福岡県 東峰村,1899
40503,福岡県 大刀洗町,15521
40522,福岡県 大木町,13820
40544,福岡県 広川町,19969
40601,福岡県 香春町,10191
40602,福岡県 添田町,8801
40604,福岡県 糸田町,8407
40605,福岡県 川崎町,15176
40608,福岡県 大任町,5008
40609,福岡県 赤村,2774
40610,福岡県 福智町,21398
40621,福岡県 苅田町,37684
40625,福岡県 みやこ町,18825
40642,福岡県 吉富町,6536
40646,福岡県 上毛町,7251
40647,福岡県 築上町,17189
41201,佐賀県 佐賀市,233301
41202,佐賀県 唐津市,117373
41203,佐賀県 鳥栖市,74196
41204,佐賀県 多久市,18295
41205,佐賀県 伊万里市,52629
41206,佐賀県 武雄市,47914
41207,佐賀県 鹿島市,27892
41208,佐賀県 小城市,43952
41209,佐賀県 嬉野市,25848
41210,佐賀県 神埼市,31022
41327,佐賀県 吉野ヶ里町,16323
41341,佐賀県 基山町,17250
41345,佐賀県 上峰町,9286
41346,佐賀県 みやき町,25511
41387,佐賀県 玄海町,5609
41401,佐賀県 有田町,19010
41423,佐賀県 大町町,6293
41424,佐賀県 江北町,9566
41425,佐賀県 白石町,22051
41441,佐賀県 太良町,8121
42201,長崎県 長崎市,409118
42202,長崎県 佐世保市,243223
42203,長崎県 島原市,43338
42204,長崎県 諫早市,133852
42205,長崎県 大村市,95397
42207,長崎県 平戸市,29365
42208,長崎県 松浦市,21271
42209,長崎県 対馬市,28502
42210,長崎県 壱岐市,24948
42211,長崎県 五島市,34391
42212,長崎県 西海市,26275
42213,長崎県 雲仙市,41096
42214,長崎県 南島原市,42330
42307,長崎県 長与町,40780
42308,長崎県 時津町,29339
42321,長崎県 東彼杵町,7721
42322,長崎県 川棚町,13377
42323,長崎県 波佐見町,14291
42383,長崎県 小値賀町,2288
42391,長崎県 佐々町,13912
42411,長崎県 新上五島町,17503
43100,熊本県 熊本市,738865
43202,熊本県 八代市,123067
43203,熊本県 人吉市,31108
43204,熊本県 荒尾市,50832
43205,熊本県 水俣市,23557
43206,熊本県 玉名市,64292
43208,熊本県 山鹿市,49025
43210,熊本県 菊池市,46416
43211,熊本県 宇土市,36122
43212,熊本県 上天草市,24563
43213,熊本県 宇城市,57032
43214,熊本県 阿蘇市,24930
43215,熊本県 天草市,75783
43216,熊本県 合志市,61772
43348,熊本県 美里町,9392
43364,熊本県 玉東町,5045
43367,熊本県 南関町,8979
43368,熊本県 長洲町,15372
43369,熊本県 和水町,9342
43403,熊本県 大津町,35187
43404,熊本県 菊陽町,43337
43423,熊本県 南小国町,3750
43424,熊本県 小国町,6590
43425,熊本県 産山村,1382
43428,熊本県 高森町,5789
43432,熊本県 西原村,6426
43433,熊本県 南阿蘇村,9836
43441,熊本県 御船町,16303
43442,熊本県 嘉島町,9547
43443,熊本県 益城町,32510
43444,熊本県 甲佐町,10132
43447,熊本県 山都町,13503
43468,熊本県 氷川町,11094
43482,熊本県 芦北町,15681
43484,熊本県 津奈木町,4254
43501,熊本県 錦町,10288
43505,熊本県 多良木町,9076
43506,熊本県 湯前町,3627
43507,熊本県 水上村,2033
43510,熊本県 相良村,4070
43511,熊本県 五木村,931
43512,熊本県 山江村,3238
43513,熊本県 球磨村,2433
43514,熊本県 あさぎり町,14676
43531,熊本県 苓北町,7114
44201,大分県 大分市,475614
44202,大分県 別府市,115321
44203,大分県 中津市,82863
44204,大分県 日田市,62657
44205,大分県 佐伯市,66851
44206,大分県 臼杵市,36158
44207,大分県 津久見市,16100
44208,大分県 竹田市,20332
44209,大分県 豊後高田市,22112
44210,大分県 杵築市,27999
44211,大分県 宇佐市,52771
44212,大分県 豊後大野市,33695
44213,大分県 由布市,32772
44214,大分県 国東市,26232
44322,大分県 姫島村,1725
44341,大分県 日出町,27723
44461,大分県 九重町,8541
44462,大分県 玖珠町,14386
45201,宮崎県 宮崎市,401339
45202,宮崎県 都城市,160640
45203,宮崎県 延岡市,118394
45204,宮崎県 日南市,50848
45205,宮崎県 小林市,43670
45206,宮崎県 日向市,59629
45207,宮崎県 串間市,16822
45208,宮崎県 西都市,28610
45209,宮崎県 えびの市,17638
45341,宮崎県 三股町,25591
45361,宮崎県 高原町,8639
45382,宮崎県 国富町,18398
45383,宮崎県 綾町,6934
45401,宮崎県 高鍋町,19922
45402,宮崎県 新富町,16564
45403,宮崎県 西米良村,1000
45404,宮崎県 木城町,4895
45405,宮崎県 川南町,15194
45406,宮崎県 都農町,9906
45421,宮崎県 門川町,17379
45429,宮崎県 諸塚村,1486
45430,宮崎県 椎葉村,2503
45431,宮崎県 美郷町,4826
45441,宮崎県 高千穂町,11642
45442,宮崎県 日之影町,3635
45443,宮崎県 五ヶ瀬町,3472
46201,鹿児島県 鹿児島市,593128
46203,鹿児島県 鹿屋市,101096
46204,鹿児島県 枕崎市,20033
46206,鹿児島県 阿久根市,19270
46208,鹿児島県 出水市,51994
46210,鹿児島県 指宿市,39011
46213,鹿児島県 西之表市,14708
46214,鹿児島県 垂水市,13819
46215,鹿児島県 薩摩川内市,92403
46216,鹿児島県 日置市,47153
46217,鹿児島県 曽於市,33310
46218,鹿児島県 霧島市,123135
46219,鹿児島県 いちき串木野市,27490
46220,鹿児島県 南さつま市,32887
46221,鹿児島県 志布志市,29329
46222,鹿児島県 奄美市,41390
46223,鹿児島県 南九州市,33080
46224,鹿児島県 伊佐市,24453
46225,鹿児島県 姶良市,76348
46303,鹿児島県 三島村,405
46304,鹿児島県 十島村,740
46392,鹿児島県 さつま町,20243
46404,鹿児島県 長島町,9705
46452,鹿児島県 湧水町,9119
46468,鹿児島県 大崎町,12385
46482,鹿児島県 東串良町,6237
46490,鹿児島県 錦江町,6944
46491,鹿児島県 南大隅町,6481
46492,鹿児島県 肝付町,14227
46501,鹿児島県 中種子町,7539
46502,鹿児島県 南種子町,5445
46505,鹿児島県 屋久島町,11858
46523,鹿児島県 大和村,1364
46524,鹿児島県 宇検村,1621
46525,鹿児島県 瀬戸内町,8546
46527,鹿児島県 龍郷町,5817
46529,鹿児島県 喜界町,6629
46530,鹿児島県 徳之島町,10147
46531,鹿児島県 天城町,5517
46532,鹿児島県 伊仙町,6139
46533,鹿児島県 和泊町,6246
46534,鹿児島県 知名町,5750
46535,鹿児島県 与論町,5115
47201,沖縄県 那覇市,317625
47205,沖縄県 宜野湾市,100125
47207,沖縄県 石垣市,47637
47208,沖縄県 浦添市,115690
47209,沖縄県 名護市,63554
47210,沖縄県 糸満市,61007
47211,沖縄県 沖縄市,142752
47212,沖縄県 豊見城市,64612
47213,沖縄県 うるま市,125303
47214,沖縄県 宮古島市,52931
47215,沖縄県 南城市,44043
47301,沖縄県 国頭村,4517
47302,沖縄県 大宜味村,3092
47303,沖縄県 東村,1598
47306,沖縄県 今帰仁村,8894
47308,沖縄県 本部町,12530
47311,沖縄県 恩納村,10869
47313,沖縄県 宜野座村,5833
47314,沖縄県 金武町,10806
47315,沖縄県 伊江村,4118
47324,沖縄県 読谷村,41206
47325,沖縄県 嘉手納町,13521
47326,沖縄県 北谷町,28201
47327,沖縄県 北中城村,17969
47328,沖縄県 中城村,22157
47329,沖縄県 西原町,34984
47348,沖縄県 与那原町,19695
47350,沖縄県 南風原町,40440
47353,沖縄県 渡嘉敷村,718
47354,沖縄県 座間味村,892
47355,沖縄県 粟国村,683
47356,沖縄県 渡名喜村,346
47357,沖縄県 南大東村,1285
47358,沖縄県 北大東村,590
47359,沖縄県 伊平屋村,1126
47360,沖縄県 伊是名村,1322
47361,沖縄県 久米島町,7192
47362,沖縄県 八重瀬町,30941
47375,沖縄県 多良間村,1058
47381,沖縄県 竹富町,3942
47382,沖縄県 与那国町,1676
